{"cameraMode":{"drawMode":0,"name":"Shaded","section":"Shading Mode"},"sceneLighting":true,"audioPlay":false,"sceneViewState":{"m_AlwaysRefresh":false,"showFog":true,"showSkybox":true,"showFlares":true,"showImageEffects":true,"showParticleSystems":true,"showVisualEffectGraphs":true,"m_FxEnabled":true},"in2DMode":false,"pivot":{"x":0.29782718420028689,"y":2.8468666076660158,"z":3.138090133666992},"rotation":{"x":-0.03996020928025246,"y":0.950684666633606,"z":-0.13823933899402619,"w":-0.2748011350631714},"size":0.5917494893074036,"orthographic":false}