{"cameraMode":{"drawMode":0,"name":"Shaded","section":"Shading Mode"},"sceneLighting":true,"audioPlay":false,"sceneViewState":{"m_AlwaysRefresh":false,"showFog":true,"showSkybox":true,"showFlares":true,"showImageEffects":true,"showParticleSystems":true,"showVisualEffectGraphs":true,"m_FxEnabled":true},"in2DMode":false,"pivot":{"x":-0.1286781132221222,"y":1.5634973049163819,"z":1.919317364692688},"rotation":{"x":0.0026216073893010618,"y":0.9933887720108032,"z":-0.11263042688369751,"w":0.022962745279073716},"size":0.19024328887462617,"orthographic":false}